"La canción que acaba de sacar Sia es muy buena, suena muy bien",positivo
"La música de Maluma es realmente mala y sin sentido, no se como es que a las persona les gusta",negativo
Hoy es un día normal y tranquilo,neutral
Que bello día,positivo
Estoy enojado contigo,negativo
La biblioteca queda cerca del centro de la ciudad,neutral
La comida estuvo deliciosa ,positivo
Que día tan horrible para salir,negativo
Mi amiga y su madre salieron de compras,neutral
"Hoy sera un gran día, todo saldrá muy bien",positivo
No me gusta encontrarme la oficina sucia,negativo
La clase de ingles la dicta un profesor de Inglaterra,neutral
"Me gusta el cabello de mi novia, es hermosa",positivo
Este teléfono no sirve para nada,negativo
El perro de mi vecina es un pastor aleman,neutral
Adoro cocinar junto a mi familia cada sábado,positivo
"La película estuvo aburrido, que arrepentido estoy de ir al cine",negativo
Cada sábado voy al supermercado con mi esposo,neutral
"Te obsequio este regalo, gracias por ser una buena amiga",positivo
La vecina ya me tiene harto con su música ,negativo
La ciudad amaneció hoy sin tráfico,neutral
Amo llegar a casa y pasar tiempo con mi mascota,positivo
Odio levantarme temprano para ir al trabajo,negativo
La tienda abre en la tarde,neutral
"Se siente muy bien ayudar a los demás, especialmente a los más necesitados",positivo
Que fastidio las grandes colas que se hacen para usar el transporte,negativo
Este mes ha llovido todas las tardes,neutral
"Qué increible fue volver a ver un arcoiris de nuevo, fue hermoso",positivo
El problema con este gobierno es que roban y hacen todo mal,negativo
Los carros deben cuidarse para funcionar,neutral
"Cuando quieras hablar, llamame, tratare de hacerte feliz",positivo
Fue muy triste ver como su mascota estaba enferma y a punto de morir,negativo
El agua es vital para la existencia de la vida,neutral
Pronto voy a graduarme y mi mama esta muy contenta y emocionada,positivo
Nunca había visto una pelicula tan aburrida como esa,negativo
El cine ha evolucionado mucho en los ultimos años,neutral
"Fui a una entrevista de trabajo y lo logré, comienzo a trabajar muy pronto",positivo
"No me fue nada bien en la entrevista, cometí muchos errores",negativo
Hace falta comprar hojas blancas en la oficina,neutral
Estoy seguro que mañana será un gran dia,positivo
"No pude comprar nada, todo esta muy caro, que dificil situación",negativo
Debemos comprar comida para la casa,neutral
Pude ayudar a los necesitados. Eso me hizo sentir muy bien y tranquilo,positivo
"No tengo tiempo de ayudar a nadie, no lo merecen",negativo
Tenemos que comenzar a recoger dinero para la comida,neutral
"Que comida tan rica la que me diste, eres un excelente cocinero!",positivo
"La verdad que es no sabes cocinar, ya no lo hagas mas",negativo
Los aros de cebolla son un acompañante,neutral
"Me encanta escuchar música mientras estudio, me hace sentir tranquilo y contento",positivo
"Hay personas a las que no les gusta escuchar música, que vidas tan tristes",negativo
"Algunas personas aprenden a cantar, no nacen con esa habilidad",neutral
"Mis compañeros de trabajo son excelentes personas, es sencillo trabajar con ellos",positivo
No me gusta trabajar con mis compañeros de la universidad porque es dificil y complicado,negativo
"Cuando voy a clase, siempre suelo subir en autobus",neutral
"Reuni dinero suficiente para comprarme ropa, no puedo estar mas emocionado",positivo
Que rabia siento porque se rompio una de mis llaves y no puedo entrar a mi casa,negativo
Yo naci en una ciudad muy pequeña donde hay mucha gente,neutral
Acabo de terminar un libro que me encantó pues me hizo sentir emocionado en cada página,positivo
Mi equipo perdió el partido y ahora todos se burlan de mi,negativo
Tengo una cita con el médico dentro de algunas semanas,neutral
Nunca pensé que llegaría a ser tan feliz como ahora lo soy contigo. Mi vida es mucho mejor gracias a ti,positivo
He intentado comunicarme con mi mama por horas y no lo he logrado gracias a la ineficiencia de las compañias de telecomunicaciones del pais ,negativo
"Cuando llegue a mi casa, debo limpiar y hacer mis tareas antes de irme a dormir",neutral
El placer y la tranquilidad de ver el sol salir y esconderse es increíble,positivo
Nunca había estado tan decepcionado de una persona en toda mi vida,negativo
Tal parece que el sol está a punto de salir,neutral
Muy de acuerdo con el artículo. Siempre es motivador leer sabias reflexiones. Templan el ánimo y fortalecen el alma. Gracias,positivo
Esa persona ha cometido muchos delitos graves y aun no ha pagado por todo lo malo que ha hecho,negativo
La arepa forma parte del desayuno de todos los venezolanos,neutral
"Estoy totalmente de acuerdo con él, estás haciendo muchas aportaciones a la humanidad, son aportaciones que aportan al crecimiento de quien las lee. ¡Gracias!",positivo
"No aportas nada con todo lo que dices, creo que deberías quedarte callado y comenzar a pensar antes de hablar",negativo
La mesa en la que trabajo es de color gris y de tamaño normal,neutral
"Git es una herramienta genial, hace que la vida de los desarrolladores sea más sencilla. ¡Qué grande eres, Linus Torvalds! ",positivo
"Microsoft no hace nada bueno, todo su software es de mala calidad. Cuando entenderán que nadie quiere sus productos",negativo
"Mi mama fue a comprar cafe y algunos víveres, quizá tarde un poco",neutral
"Esa es una forma inteligente de analizar las cosas, cuando nos equivocamos solo debemos aceptarlo y continuar. Es verlo como aprendizaje.",positivo
"No entiendo por que tienes que comportarte de esa manera, se supone que eres una persona madura, ¡reacciona!",negativo
Debes escribir un reporte de matemáticas para la próxima semana con todos los requerimientos que te di,neutral
"Te agradezco muchísimo todos tus textos, son muy buenos, a mi me han ayudado mucho. Es una literatura de muy alto nivel. He aprendido mucho con todo lo que me has enseñado",positivo
"Los textos que escribes no tienen ningún sentido. Mis estudiantes dicen que no aprenden nada al leerlos. Lo siento, pero eres un mal escritor",negativo
Mis compañeros compraron algunas cosas por internet el día de ayer,neutral
"Excelente comentario. Me ayudas a quererme y a valorarme más, pues quiero vivir disfrutando de la vida",positivo
"Es lamentable, que la discriminación llegue a afectar a una persona tanto que hasta se llegue a quitar la vida",negativo
Mis tíos comenzaron a vender hamburguesas en la esquina de su casa,neutral
Un pequeño cambio positivo puede cambiar tu día entero o tu vida entera,positivo
Que triste que aún exista el racismo y la discriminación en el mundo. Que negativo es todo esto,negativo
Ayer estuvimos estudiando todo el día mi casa,neutral
Es algo maravilloso ser optimista. Te mantiene sano y resiliente,positivo
Es algo decepcionante conocer a alguien y que esa persona sea tan negativa y pesimista,negativo
Existen muchas personas en el mundo que cantan en la ducha y otros que lo hacen en la cocina,neutral
"Es tan corto el amor, y tan largo el olvido.",positivo
"Creo que voy a hacer el ridículo si hablo en público, notarán que estoy nervioso.",negativo
El día a estado muy nublado pero no ha llovido nada.,neutral
"Que felicidad, mi hijo ya es Ingeniero.",positivo
Que dolor siento al ver a mi país en tan malas condiciones.,negativo
"Confiar en ti mismo no garantiza el éxito, pero no hacerlo garantiza el fracaso. ",neutral
Lo mejor de mi vida son mis hijos,positivo
No lo conseguiré si no me ayudas,negativo
"No todos los ojos cerrados duermen, ni todos los ojos abiertos ven ",neutral
Que hermoso es mirar al Cielo y recordar a esa persona que ya no está.,positivo
No hay nada más difícil que olvidar algo que un día nos hizo feliz.,negativo
Tal vez tu amor no es tan grande como creías.,neutral
Mi familia son los que hacen que todo valga la pena.,positivo
"Permanecer encerrado en una emoción tóxica no nos permitirá seguir viviendo, aprender y mejorar como personas.",negativo
"Esperas un mensaje de esa persona, y no te escribe.",neutral
Hoy desperté con muy buen humor.,positivo
Todo lo que hago me sale mal.,negativo
Los sentimientos van y vienen como las nubes en un cielo ventoso.,neutral
"Que bueno, me han invitado a comer. ",positivo
"Si pienso en la muerte, puedo tener más probabilidades de morir.",negativo
"Si no suma, que no reste.",neutral
" Si cuando amo soy feliz, entonces eres mi felicidad.",positivo
Las emociones fuera de control pueden transformar en estúpidas a personas inteligentes.,negativo
"En palabras simples y comunes: yo te extraño, en lenguaje terrenal, mi vida eres tú.",neutral
"Estoy feliz, me he encontrado con una amiga que hacía tiempo no veía.",positivo
Soy un desastre en la cocina.,negativo
"La sangre sólo hace parientes, el amor hace familia.",neutral
"Dios es amor, por eso lo amo.",positivo
La soledad y el sentimiento de ser rechazado es la pobreza más terrible.,negativo
"No siempre se calla para guardar silencio, se calla para conservar la paz.",neutral
Una actitud positiva puede hacer que los sueños se hagan realidad.,positivo
"No sabes hacer nada, eres un desastre.",negativo
"Todo es cuestión de tiempo, sólo aprende a esperar.",neutral
"No sabes lo orgulloso que me siento de ti, te amo hijo",positivo
Estoy convencido que no te va a ir bien.,negativo
"Hoy no puedo ir al trabajo porque no hay paso, total, iré mañana.",neutral
"No hay otro amor como el amor de un hermano, te quiero. ",positivo
"Mañana voy a salir a buscar trabajo, pero como está la situación, seguro no encuentro nada.",negativo
"Creo que hacer empanadas de queso es muy fácil, no se requieren mayores destrezas.",neutral
"Cuando Dios soluciona mis problemas, tengo fe en sus habilidades y me siento feliz por eso.",positivo
No haces nunca lo que te pido.,negativo
"No me gusta lo que está pasando con los precios, pero igual hay que comprar los artículos.",neutral
"Quizás no me he explicado bien, te piudo disculpas.",positivo
"No hay nada que hacer, todo está perdido.",negativo
Cada día aumenta la migración de venezolanos y nadie dice ni hace nada. ,neutral
"Quizás no me he explicado bien, te pido disculpas.",positivo
"Eres un desastre, te compadezco.",negativo
"De verdad no me gusta lo que estás haciendo, deberías cambiar de parecer.",neutral
Cuando quieras ser amado con todo necesitas amar con la misma fuerza que respiras y con el mismo gozo que ríes.,positivo
"No vale la pena seguir aquí, yo mejor me voy del país.",negativo
"Me conformo con lo me pagaron por el proyecto que realicé, está bien así. ",neutral
La amistad es un alma que habita en dos cuerpos; un corazón que habita en dos almas.,positivo
Me caen mal esas personas que cambian la personalidad cuando se juntan con otras personas.,negativo
"Todo pasa por algo, pero lo que no pasa, también es por algo.",neutral
Que bonito es que te tomen de las mano y te devuelvan la calma cuando crees que ya no hay salida. ,positivo
No hay peor decepción que te mientan cuando ya sabes la verdad.,negativo
"No estoy molesta o enojada, solo estoy cansada de dar más de los que recibo.",neutral
"No eres nada del otro  mundo, eres los mejor de este.",positivo
"Por tu forma de actuar mal , nunca llegarás a ningún sitio.",negativo
"El amanecer es un espectáculo hermoso y, sin embargo, la mayor parte de la audiencia duerme todavía.",neutral
"Una persona positiva convierte sus problemas en retos, nunca en obstáculos.",positivo
"Parece enfadada, seguro que es por mi culpa.",negativo
"Dicen que yo no demuestro mis sentimientos, pero estoy lleno de ellos.",neutral
"Estoy muy emocionado de comenzar clases, no puedo con la espera",positivo
"Odio las largas colas del supermercado, son muy cansadas",negativo
"A la venta accesorios de motos y automóviles, interesados preguntar",neutral
"Me gusta el olor de la rama recién cortada, pequeños placeres que alegran la vida",positivo
"Me disgusta la gente que habla a mis espaldas, deberían tener el valor de decirlo de frente",negativo
"Anoche llovió toda la noche, las carretera debe seguir llena de agua",neutral
"Me encantan las donas, las tortas, las merengadas ¡Todo lo que sea dulce! ",positivo
"Que fastidio cuando mis padres me regañan, como si nunca hubiesen tenido mi edad",negativo
El cometa halley es un cometa que pasa por la tierra cada 75 años apróximadamente,neutral
"Me divierten ver las caricaturas animadas, podría hacerlo todo el día",positivo
"Es la quinta vez que se me la luz hoy, ya estoy harto de esta situación",negativo
"La copa del mundo de fútbol se jugará este año en Rusia, 32 países participarán",neutral
"Me gusta como huele mi novia, es una mezcla de chocolate con rosas",positivo
"Que pereza tener que levantarme mañana a las 6, ya quiero terminar clases",negativo
La hallaca es una plato que prepara todos los años mi familia en la época de navidad,neutral
Las manos tan pequeña de mi bebé son la cosa más linda que veré en toda mi vida,positivo
"Mi tía favorita falleció ayer, tuvo un accidente de carro no muy grave pero no lo soportó por su avanzada edad",negativo
Para llegar a la plaza Bolivar solo debes seguir recto y cruzar en la esquina,neutral
"Me calma ver el atardecer, es algo magnífico",positivo
"Odio cuando mi novio me ignora por andar con sus amigos, me hace sentir la persona más insignificante del mundo",negativo
"El anterior campeón de la copa del mundo fue Alemania, le ganó a Argentina en la final",neutral
"Ayer mis padres me realizaron una fiesta sorpresa con todos mis amigos, fue lo máximo",positivo
"Me caí de la moto y me rompí 3 costillas, en estos momentos estoy en la sala de urgencias",negativo
"La fórmula 1 es un deporte automovilístico, en simple palabras una carrera",neutral
"Tu sonrisa es la única razón por la que me levanto todos los días, en serio no sé que haría sin ti",positivo
"Perdí a mi bebé al caer de las escaleras y rodar por ellas, me siento horrible",negativo
"La pesca es un deporte muy practicado en pueblos costeros, en algunos lugares es considerado como deporte",neutral
Que día tan hermoso!. Hay que aprovecharlo,positivo
Todo lo que haces esta mal. Tienes que cambiar,negativo
la clase de hoy estuvo normal,neutral
El señor se ganó la lotería y compro una casa para toda su familia,positivo
"Cuando mi primo corrió para escapar, tropezó y se rompió una pierna. Debe estar muy adolorido",negativo
Ayer escuche una version nueva de la canción que siempre suena en ese lugar,neutral
Hoy mas que nuncs me siento feliz de estar contigo,positivo
Hasta cuando tengo que soportarte con tu desorden?,negativo
Tuve un día de trabajo nornnal ,neutral
El primer trago de café en la mañana es uno de los placeres más bonitos de la vida,positivo
Ayer fui a comer con mis amigos y la comida me hizo sentir muy mal,negativo
Hoy vi unos pantalones en el centro comercial que no veía en mucho tiempo,neutral
"La felicidad es la acción o efecto de hacer feliz en algo, para mi la felicidad eres tu",positivo
A veces siento que nadie me entiende que a nadie le intereso,negativo
"Las lluvias de invierno suelen ser muy frías, hay que usar varios abrigos",neutral
"Hoy escuché mi canción favorita de nuevo, ¡que genial fue eso!",positivo
"No tengo ganas de llenar esta encuesta, es tan aburrido",negativo
"Estoy llenando una encuesta, pero solo las últimas tres preguntas",neutral
Hacer este proyecto es tan divertido como el del semestre pasado,positivo
"Estuve buscando datos para ese proyecto y fue una pesadilla, quiero que esto termine ya",negativo
Estoy haciendo un proyecto para una de mis últimas materias de la universidad,neutral
Me gustaría poder tener mucho dinero y poder mantener a toda mi familia,positivo
"Soy un pobre chico, nadie me ha amado",negativo
"Fácil viene, fácil se va eso siempre me dijo mi madre",neutral
Me gusta las galletas con chocolate y más si vienen con leche a un lado,positivo
"Que fastidio con esas personas que siempre buscan hacerte daño, no debería ser",negativo
"Tengo sueño, debería acostarme a dormir ya para poder pararme mañana temprano",neutral
Estoy ayudando a mi primo a recoger datos para su proyecto porque lo quiero mucho,positivo
"No quiero hacer nada hoy, estoy tan aburrido y tengo pereza",negativo
Los jóvenes de hoy en día juegan muchos juegos de video,neutral
No hay nada que me guste más que una carne en vara y unas cervezas con amigos,positivo
"Ayer me pasé de copas y me levanté con una resaca muy grande, no me quiero parar de la cama",negativo
Ir a misa todos los domingos es una obligación de todos los cristianos,neutral
Siempre vale la pena el esfuerzo cuando lo que haces ayuda a los demás,positivo
Nada me motiva para terminar esta tarea porque no vale la pena el esfuerzo,negativo
Un amigo compró pinturas para pintar un cuadro para su casa,neutral
"Nos tenemos el uno al otro y mientras estemos juntos, seremos felices",positivo
"Cuando necesites ayuda, no me busques, eres una mala persona y no quiero nada contigo",negativo
Algunas personas buscan hoteles en una aplicación o en una página web,neutral
"Quisiera darte el mundo entero, la luna, el cielo, el sol y el mar",positivo
"Si yo busqué dolor lo conseguí, no eres la persona que pensé, que creí, que pedí.",negativo
"Bienvenidos al hotel california, pase adelante, ya los atenderemos",neutral
"Quisiera hacerte un gran poema, usar el cielo de papel",positivo
"Mientes, me haces daño y luego te arrepientes, ya no tiene caso que lo intentes",negativo
"Los lentes de sol es una buena herramienta para cuidar tus ojos, en especial los días de calor",neutral
"El baile es una forma de que las personas se distraigan, se relajen y sean felices",positivo
"Odio bailar cuando hay muchas personas en una fiesta, es tan incómodo",negativo
Bailar es una actividad que también se considera deportiva,neutral
Que exitooooo gracias a Dios... felicidades,positivo
El coño de tu madre ,negativo
Así son las cosas,neutral
Lo que siento por ti es tan grande que quiero pasar el resto de mi vida contigo,positivo
"No suelo odiar a nadie, pero a ti de odio y te detesto por todas las cosas malas que le has hecho a tu gente",negativo
Esta pregunta que estoy respondiendo es obligatoria en el formulario,neutral
Quisiera ser un súper héroe y  protegerte contra el mal,positivo
Aléjate de mi y hazlo pronto antes de que te mienta,negativo
Mi abuela por parte de mi padre es el pariente de mayor edad vivo que posee mi familia ,neutral
"Hoy jugaremos después de terminar el proyecto, este si va a ser un buen día",positivo
Creo que eres una de las personas más inútiles que he conocido,negativo
"Cuando el sol sale, las personas se levantan y van a trabajar",neutral
"Cuando estás con las personas que amas, toda la vida se hace más sencilla",positivo
"Vivir escondiéndote es de lo mas difícil que puedes vivir, pues prácticamente estas solo",negativo
Algunas personas se van del país porque van a estudiar en universidades extranjeras,neutral
Todo saldrá de maravilla,positivo
Que triste lo que estamos pasando ,negativo
Que nulo tu comentario,neutral
"He tenido un excelente día en el trabajo, obtuve un ascenso",positivo
"Mis compañeros me envidian, porque yo soy mejor que todos ellos",negativo
El perro de mi vecina se llama Neron,neutral
"He tenido un excelente día en el trabajo, obtuve un ascenso",positivo
"Mis compañeros me envidian, porque yo soy mejor que todos ellos",negativo
El perro de mi vecina se llama Neron,neutral
La película de walle es fácilmente la película más linda de toda la historia,positivo
"Creo que mi madre tiene cáncer, aún no es confirmado pero se deben hacer pruebas",negativo
La cerveza es una bebida gaseosa en base a la cebada ,neutral
"Venezuela, en algún momento, volverá a resurgir y será el país grande y exitoso que fue antes. Volveremos a ver la luz del día en nuestro país",positivo
"Los transportistas venezolanos, están recogiendo lo que sembraron por todos estos años, haber sido un sector arrodillado y vendido al régimen, han sido pulverizados",negativo
Venezuela es un país que actualmente vive una situación controversial para todos,neutral
Los niños aman ver a sus padres ser felices y eso los ayuda a crecer siendo personas de bien,positivo
"Están matando a sangre fría a las personas en Nicaragua, van mas de 135 muertos",negativo
"Normalmente, tengo clase todas las mañanas y trabajo por las tardes",neutral
Sería muy divertido ser un pez para nadar océano azul.,positivo
"Hoy compré una leche la cuál estaba caducada, tuve que comprar otra",negativo
Los sistemas expertos son parte importante de la inteligencia artificial ,neutral
"Imagina que estas en una playa, sentado en la arena con un trago en la mano mientras el agua roza tus pies, se siente bien, ¿cierto?",positivo
"La nieve solo hace que me caiga mientras camino, es por eso que no me gusta el invierno",negativo
"Mi prima se mudó a Argentina y tuvo que comprar abrigos, pues llegó durante el invierno",neutral
Me gustaría poder viajar a la luna para poder ver el planeta tierra desde allá,positivo
La muerte de mi perro fue la peor experiencia que he tenido en mi vida ,negativo
Comprar dolares es un acto ilícito en la república bolivariana de Venezuela ,neutral
"Los gatos son muy adorables, especialmente cuando juegan con sus paticas",positivo
"El calabacín es un vegetal que realmente me desagrada, no puedo comerlo",negativo
"Hola Carlos y compañeros, eso es correcto, la entrega será el miércoles 20",neutral
"Me gusta leer libros, la poesía es maravillosa",positivo
Estoy cansado de este gobierno y sus políticas absurdas,negativo
El metro es un sistema de transporte económico,neutral
"La vida es bella y es una sola, hay que aprovecharla ",positivo
"La situación actual complica a todo el mundo, ya no se puede vivir",negativo
La carne es uno de los alimentos principales para la mantener una vida saludable ,neutral
"Eres una persona muy hermosa, tu belleza supera los límites de la belleza humana",positivo
"Cuando nadie quiere hablar contigo, es porque de verdad estás haciendo algo mal",negativo
"Cuando voy a trabajar, tomo rutas diferentes cada día",neutral
"Cuando te sientes bien con tu trabajo, es cuando contraste tu trabajo ideal",positivo
"El trabajo que tengo actualmente me hace estar estresado todo el día, esto no es para mi",negativo
Mañana tengo que ir al trabajo temprano para realizar algunas tareas importantes,neutral
"Mañana me iré de vacaciones ala playa con mi familia, mis hijos están emocionados por llegar",positivo
"Mi amigo piensa que traer hijos al mundo es algo inhumano, pues solo vienen a sufrir y pasar tiempos difíciles.",negativo
Necesito escribir una canción para contar una historia que tengo en mi cabeza,neutral
"Tengo que vivir mi vida al máximo, disfrutar de cada segundo y de la compañía de las personas que amo",positivo
"En Venezuela hay muchos problemas con los servicios públicos, nunca sirve nada",negativo
Los servicios públicos deben pagarse mensualmente,neutral
Con constancia se pueden alcanzar todas las metas,positivo
"Todo esta demasiado caro, odio este país",negativo
Harry potter es una serie de libros compuestos por 7 tomos,neutral
"La comida estuvo deliciosa, adoro tu café ",positivo
"El almuerzo no me gusto, la comida estaba simple, sin sabor",negativo
El día de hoy a sido normal y no ha pasado nada,neutral
"Me encanta cantar y bailar, algún día seré un artista profesional, lo se",positivo
"Ya estoy cansado de sentir que hablo solo, nunca me prestas atención",negativo
"A veces cuando no tengo nada que hacer, compro comida y veo televisión",neutral
"Acabo de disfrutar de una comida deliciosa, realmente quedé satisfecho",positivo
"La comida de hoy me cayó mal, espero que no me enferme el estómago",negativo
La cena es considerado por mucho uno de las comidas más importantes del día,neutral
"Esa es mi canción favorita, el dj si que supo escogerla",positivo
"El amor no es para todos, lástima más de lo que ayuda",negativo
"Si sigues recto te conseguirás con una calle ciega,de ahí a la izquierda ",neutral
Por fin luego de tanto ahorrar me pude comprar el celular que tanto quería,positivo
La siembra de maíz se perdió por lo mal que estuvo el clima esta temporada,negativo
El bulto de maíz se venda más que el bulto de yuca en esta época,neutral
"Los murciélagos me gustan mucho, siento que tienen algo siniestro que me agrada",positivo
La vida es una serie de baches y a veces un bache te tumba y no te deja pararte,negativo
"Los bancos suelen tener un índice muy alto de colas, pero depende principalmente de la entidad en la que se este",neutral
Las galletas de mi abuela pueden ser fácilmente las mejores galletas de la historia,positivo
Al año mueren más de 100 manatíes por culpa de la basura arrojada al océano,negativo
Los sticker de telegram son un medio de comunicación más expresivo que las palaras,neutral
"Podemos tener una vida plena si somos considerados, cuidamos el planeta y ayudamos a los más necesitados",positivo
"Los gobiernos no deben malgastar los recursos y ayudar a los pobres, no tiene sentido",negativo
Hoy voy a arreglar una computadora que me encargaron desde hace varias semanas,neutral
"Que sorpresa fue volver a verla de nuevo, que sensación tan increíble",positivo
Estuvimos sin agua durante varios días. Que días tan terribles y miserables,negativo
Se me quedo un bolso en la casa de mi amigo cuando fui a visitarlo,neutral
"Los fuegos artificiales hacen vibrar mi cuerpo, es una sensación única",positivo
La sensación de vacío que te da al momento de fallar es una sensación muy desagradable,negativo
Los vectores en matemáticas es algo que aún no logro a entender en su totalidad ,neutral
"Cuando leo libros me siento lleno y relajado, es mi manera de sentirme bien conmigo mismo",positivo
"Cuando llueve, lo que más me molesta es que los carros anden muy rápido y me mojen",negativo
Fui al médico de los ojos y me recomendó cambiar mis lentes,neutral
El amor que siento por mi madre es algo que no se puede comparar a nada ,positivo
El vacío que me dio al sentir a mi madre partir luego de sus 89 años fue algo devastador,negativo
Los perros son animales muy nobles que por lo general son muy apegados a sus dueños,neutral
"Confío en tus capacidades y se que podrás lograr todo lo que te propones, solo confía en ti mismo",positivo
"No creo que puedas terminar la tarea a tiempo, mejor acepta que ya no tienes tiempo suficiente y vete a dormir",negativo
Ayer entregué un reporte de matemáticas a la profesora,neutral
Amor sentir el calor del sol en la mañana cuando el día está frio,positivo
"Desgraciadamente, muchas familias sen han separado por temas políticos",negativo
Están construyendo un nuevo centro comercial en el centro de la ciudad,neutral
"Mi mascota favorita ""dobby"" siempre fue un gato que me acompañó en buenas y malas épocas",positivo
Sinceramente la muerte de mi pez Diego es algo que me tomó por sorpresa y que aún me duele,negativo
Los caballos son animales salvajes domesticados al punto de ser animales caseros,neutral
"Cuando me siento a trabajar, me gusta tomarme una rica taza de café",positivo
"Soy de esas personas que no pueden levantarse temprano, me da mucha pereza",negativo
Tengo que terminar de llenar unas cuantas encuestas más,neutral
Por fin luego de tanto trabajar gané el ascenso que tanto espere en la empresa,positivo
Hoy nuestros jefes decidieron que la empresa no daba para más y decidieron cerrarla,negativo
El día a día en el trabajo es algo que cualquier persona que considere trabajar en esta empresa debe pensar,neutral
"Se que algún día visitaremos la ciudad de nuestros sueños, con mucho esfuerzo y dedicación lo lograremos",positivo
"Jamás iría a una ciudad tan cochina como Maracaibo, su gente también es horrible",negativo
Mi prima vive en una ciudad pequeña del norte donde hay animales de granja,neutral
"Aún recuerdo la primera vez que probé un helado, es algo que nunca olvidaré",positivo
La última vez que estuve solo me sentí tan mal que pensé en acabar con mi vida,negativo
El helado es un postre frío que contiene grandes beneficios para el ser humano,neutral
"Mi prima se fue del país con muchos sueños en su interior, sabiendo que los alcanzará todos y cada uno de ellos",positivo
Mi primo emigró porque sabía que ya no podía sobrevivir en este país que está pasando por una situación parecida a la guerra,negativo
Dentro de unos días se celebra el día de todos los santos en aquel país del norte,neutral
Las caricias de mi madre es algo que siempre añoro cuando es invierno,positivo
El examen de ayer fue una prueba que no pude pasar por más que lo intentase ,negativo
El profesor Garcia es el docente encargado de dar las clases del área de las ciencias,neutral
Un buen cono de helado es todo lo que se necesita después de un día de trabajo,positivo
Las drogas se están volviendo un problema muy serio en todo el mundo,negativo
En el mundo hay personas de diferentes etnias y culturas,neutral
"Tu eres el amor de mi vida, la persona que pone mi vida en el carril correcto",positivo
"El choqué en carro de ayer causó 3 muertes y 10 lesionados, yo fui el causante de ese choque ",negativo
Los choques en Europa central por alcoholismo son aproximadamente cada 3 meses  ,neutral
Cuando salgo a tomar con mis amigos nos divertimos muchos en todos los lugares que visitamos,positivo
"Fui al campo y la pasé muy mal, me picaron los mosquitos y me hicieron sentir mal",negativo
En el campo que visité hay animales de todo tipo,neutral
A veces canto con tanta fuerza y alegría que mi perro coco aúlla conmigo ,positivo
"Suelo extrañar la compañía de mi Diego, él si me entendía, me amaba",negativo
¿Por qué a veces la luna se pinta de naranja en el cielo y a veces no?,neutral
"Recuerda que todos tus seres queridos te aman y esperan que tengas éxito en tu vida, si se puede!",positivo
"Las personas de nuestro país no tienen qué comer, están sufriendo para llevar comida a la mesa de sus familias",negativo
"Existen libros para niños, para adultos, para jóvenes e incluso para todos",neutral
Quisiera poder volar muy alto y así poder bajarte una estrella solo para ti,positivo
Tengo miedo a que un día al comer muera afixiado por la comida,negativo
El porcentaje de perros que le gusta jugar con us frebee es mayor a la que no le gusta,neutral
"Las canciones de antes hablaban de amor, paz, baile y alegría. Pasábamos noches enteras bailando, felices y con ganas de vivir",positivo
"Hoy en día la música solo tiene temáticas horribles y groseras, por eso las generaciones actuales están llenas de antisociales, adictos y enfermizos ",negativo
La música tiene letras y ritmos de todo tipo,neutral
Me siento muy afortunado de tenerte aquí justo a mi lado,positivo
Odio a aquellos profesores que creen sabérselas todas y son muy malos dando clases,negativo
El día de hoy se puede ir a hacer compras en el supermercado sin hacer mucha cola,neutral
"Hoy quiero conquistar el mundo, tengo mucha energía y entusiasmo para hacerlo",positivo
"Ya no vale la pena seguir intentando, puesto que no lo entenderán",negativo
"Es un día normal, cómo cualquier otro para empezar de nuevo",neutral
"La humanidad tiende siempre hacia el progreso, y aunque la mayoría de la gente dude de ello cada día estamos un poco mejor que el anterior.",positivo
"Argentina lleva 70 años de decadencia, pasamos de ser de las 10 naciones más ricas del mundo a ser un país tercermundista más. ",negativo
La formula resolvente es menos b más menos raiz de b al cuadrado menos 4 por a por c todo sobre dos por a.,neutral
No dejare morir el resplandor que brota de mi alma,positivo
"Si no estas a mi lado la tristeza llena mi corazon, soltando una extraña risa cuando sola yo estoy",negativo
"No importa lo bueno o lo malo, si hace frio o calor ... Lo que importa es que aqui estoy",neutral
"Mejor temprano que tarde, mejor tarde que nunca",positivo
Cualquier cosa hecha es inútil comparado al tamaño del universo,negativo
El poder se obtiene por la acción no por méritos,neutral
"Todos tus sueños se volverán realidad, solo ten de en ti mismo",positivo
Eres la peor persona que allá conocido jamás en la vida,negativo
"Como te vaya me da igual, no me vengas a buscar",neutral
Si lo puedes imaginar lo puedes manifestar ,positivo
Hay que conformarse con lo que sucede,negativo
Todo en la vida tiene un lado bueno y malo ,neutral
Qué hermoso día. ,positivo
Qué asco de día. ,negativo
Todo está normal. ,neutral
Hoy es un Buen Día para hacer lo que amas ,positivo
Me da rabia que las personas juzguen sin bases previas ,negativo
Hoy comí pasta que preparó mi mama y mi perro se comió una parte ,neutral
la chica que me gusta es de la facultad de ciencias,positivo
que fastidio todo lo que pasa en el pais ,negativo
no se como sentirme con las elecciones venideras ,neutral
Todo saldrá bien,positivo
Todo saldrá mal,negativo
No existen los sentimientos neutrales,neutral
"Hola,  que tengas un muy lindo día en tu trabajo ",positivo
Nadie te pidió que hablaras ,negativo
Que opinas sobre el conflicto en siria? ,neutral
"Siempre puedes lograr tus metas si empleas el tiempo y esfuerzo  necesario para alcanzarlas, y piensas de manera positiva...",positivo
"La tristeza es un sentimiento humano, a veces es difícil de superar, a  pesar de intentarlo.",negativo
"A veces las cosas pasan porque simplemente así es la vida, no es bueno  ni malo, solo es algo que ocurre .",neutral
mañana será mucho mejor si todos nos llenamos de esperanza,positivo
"si nuestro esfuerzo es en vano, de nada valió la pena luchar",negativo
vamos a recorrer la carretera viendo las nubes moverse a nuestro lado.,neutral
Me siento muy bien cuando conozco personas nuevas y divertidas ,positivo
No me gusta el chocolate ni ningún tipo de comida dulce ,negativo
Me siento satisfecho cuando realizo por completo mis actividades y deberes,neutral
"cada vez que te sientas desolado, toma un respiro , reemplantea sobre lo que se trata la vida, y sigue!",positivo
ultimanente has estado demasiado enfadado si sigues así la ira te dominara,negativo
"has tenido muchos logros esta semana, no te desalientes pero tampoco te confies",neutral
Me siento muy bien cuando conozco gente nueva y divertida ,positivo
No me cae bien la gente que no le gusta el chocolate ,negativo
Me siento satisfecha cuando realizo completamente todas mis actividades y deberes ,neutral
soy feliz comigo mismo ,positivo
no sali bien en mi examen ,negativo
"esta bien, no hay problema",neutral
la solidaridad consiste en el apoyo y la aceptación de quienes queremos ,positivo
"La envidia es el sentimiento mas oscuro del ser humano, pues lo guarda con recelo",negativo
El respeto envuelve la prudencia en el actuar y el hablar ,neutral
Debemos ayudarnos unos a los otros sin esperar nada a cambio,positivo
No permitas que una persona tóxica influya en ti.,negativo
La felicidad depende de tu actitud. Eso depende de ti,neutral
Dios tiene el control de todo y tiene un plan perfecto en el cual Venezuela vera su gloria ,positivo
No pueden avanzar por que sus mentes estan contaminadas y llenas de maldad,negativo
Si todo te da igual estas haciendo las cuentas mal ,neutral
Me pongo alegre cuando bailo,positivo
Me enfado cuando alguien golpea a otra persona,negativo
No pasa nada cuando alguien no te habla,neutral
Caminado por la calle me alegré mucho al verte hoy,positivo
Como odio ver la destrucción que ha causado el gobierno en este país,negativo
Camino a casa me tropece con un arbor muy grande,neutral
La vida hay que vivirla y no dejarla pasar,positivo
Eres lo peor que le ha pasado a mi vida,negativo
Parece que eso sera lo que va pasar,neutral
"Eventualmente todo en la vida tiene sentido, todo se conecta, y en ese momento entiendes el por qué de todo. ",positivo
Hay días en los que no siento la esperanza de siempre con respecto a nuestro país,negativo
"El calentamiento global amenaza nuestras ciudades y poblaciones rurales, y aún muchos gobiernos y ciudadanos niegan su existencia.",neutral
La amor es la clave del éxito,positivo
No me gusta el odio ,negativo
Establecer relaciones con mi amigo,neutral
Acabo de comer torta de chocolate y me siento muy feliz ,positivo
No he comido en todo el día y eso me hace sentir molesta ,negativo
"No se que comeré mañana,  pero espero comer dulces ",neutral
"Cuando actuamos en congruencia con nuestros sentimientos y pensamientos, la satisfacción hacia nosotras mismas se convierte en una caricia a la autoestima.",positivo
"Vivir a diario frustración y desamparo social genera, poco a poco, que la desesperanza se convierta en un sentimiento natural y caemos en apatía social y política.",negativo
"La sociedad es el lugar de nuestra realización como seres capaces de ejercer la ciudadanía, de allí que es necesario vque la escuela nos prepare para ese ejercicio. ",neutral
Optimista ,positivo
Pesimistas,negativo
Efímero,neutral
Con los amigos la vida es hermosa y hay que disfrutarla siempre,positivo
El dolor y el desengaño acaban con los buenos sentimientos amorosos,negativo
Las avenidas de esta ciudad son angostas obscuras y muy largas ,neutral
"Cerrar ciclos, soltar o dejar ir para liberarte y volver a vivir. Para viajar liviano y sin tanto peso en el corazón. Cierra tus ojos, respira profundo y deja que la vida fluya; descubre que con el paso del tiempo todo pasa. No todo saldrá bien, pero como siempre... Tu sobrevivirás a todo.",positivo
"Algún día vas a conocer a alguien que conozca como masticas, como bebes a sorbos, como bailas cuando nadie te ve, como te ves sin peinar, como te emocionan las pequeñas cosas y todas tus manías. ¿Y sabes qué? Te va a dejar.",negativo
Nada se va hasta que nos haya enseñado lo que necesitamos saber.,neutral
Hoy soy mejor que ayer,positivo
No podre hacerlo,negativo
Me da igual si vienes,neutral
"Yes, you are very marico",positivo
Se nota lo marico que eres,negativo
Marico,neutral
Cree en ti y todo lo podrás conseguir.,positivo
La avaricia y el egoísmo son perjudiciales,negativo
Ni blanco ni negro todo es gris,neutral
Entre las grandes y maravillosas cosas de la vida estás tú,positivo
Es imposible establecer una comunicación asertiva con personas personas tan negativas como tú,negativo
"Las bases que fortalecen la vida es la paz, el amor y la unión.",neutral
"¡Estoy en mi mejor momento, he alcanzado todo lo que había soñado! Tengo mi casa ideal, un esposo espectacular, dos hermosos hijos y mi trabajo es sensacional, no parece que estuviera trabajando sino disfrutando.",positivo
"Mi perrita ayer se perdió y pase todo el día buscándola, nada que aparece. Por favor ayúdame a encontrarla que estoy muy preocupada por ella. ",negativo
"Ciertos expertos recomiendan el ejercicio para estar saludables y mantenerse en forma, yo recomiendo escuchar el cuerpo y hacer lo que el pida y necesite, puede ser ejercicio o simplemente puede ser acostarse a contemplar las estrellas. Complaces tu ser y estas saludable. ",neutral
no hay día tan malo que un buen chocolate caliente y un abrazo no puedan arreglar,positivo
"no hay agua, no hay luz, no tenemos gas, el salario no alcanza",negativo
"al salir pasare por la calle dos, cruzando con la av bolivar, antes de cantv",neutral
Hoy aprobe todos mis examenes con buena calificaciones,positivo
No me gusta este día,negativo
Estoy indeciso si ir a la biblioteca o estudiar con mi amiga,neutral
Me gusta cuando voy de compras,positivo
Odio levantarme temprano para asistir a clases,negativo
Este día en particular ha sido el más frió de todos,neutral
Disfruta cada día al máximo,positivo
Tu no puedes hacerlo,negativo
"Hoy quisiera salir,  pero esta lloviendo ",neutral
"Que grandioso es estar vivo,  gracias señor por darnos la oportunidad de un nuevo día. ",positivo
Me molesta mucho que las personas se sientan con derecho a opinar sobre mi vida,negativo
"Por más que intento acostumbrarme a lo metidas que pueden ser las personas,  no lo logro",neutral
En este bello dia te deseo exitos y mycha prosperidad,positivo
Hoy te digo que no sirves para nada no vengas,negativo
Hoy estamos aqui mañana no sabemos que va a pasar ,neutral
"Dios es amor, nos cuida a pesar de las adversidades",positivo
Nuestra Venezuela está pasando por muchos problemas en su economía,negativo
Yo amo a mis dos hijos por igual con todo el corazón,neutral
"Mi dios GRACIAS por la vida,salud y alimentos",positivo
Ya no quiero estar a tu lado,negativo
Salimos a comer torta,neutral
Todo lo puedo en Cristo que me fortalece,positivo
Soy malo para las matematicas,negativo
hoy es el día de la tierra,neutral
Supérate a diario,positivo
Eres el peor si no te esfuerzas,negativo
Eres una persona común y corriente ,neutral
"Que felicidad este año viajo a Europa, África y América",positivo
Que situación tan difícil esta pasando Fabricio y la mamá,negativo
"Mañana voy al cine con María, José, Pedro y Karina",neutral
Me siento feliz de haber sacado buenas notas este semestre,positivo
Porque no puedo entender nada de lo que me pasa a diario,negativo
No tengo forma de predecir muchas cosas que pasan a mi alrededor pero no me preocupa tanto,neutral
Siempre estoy Feliz cuando viajo a ver a mi toda mi familia ,positivo
No me gusta estar en merida por el motivo que me siento solo casi siempre y no me siento agusto,negativo
estudiar para los exámenes es algo que siempre me toca hacer los fines de semana,neutral
Salír de maduro,positivo
No salir de maduro,negativo
Salir a trabajar ,neutral
"Nuestra  vida no esta escrita, somos nuestros propios guionistas",positivo
"Lineas perpendiculares se tocan en un punto, alejadas al infinito ",negativo
"No olvides quien eres, el mundo no lo hará.",neutral
Eso es bueno,positivo
es terrible,negativo
entendido,neutral
¡Logre subir en un bus sentado a la facultad y llegue a tiempo!,positivo
Voces en mi cabeza me dicen que voy a terminar muerto,negativo
A veces escucho las noticias en la radio por la mañana ,neutral
Todo lo hace Dios confía en el,positivo
La semana pasada fue estresante,negativo
Hoy viaje con mis padres,neutral
"El dolor es temporal. Rendirte es para siempre.

",positivo
Que pedazez ver esa materia con aquel profesor malo,negativo
Al menos terminamos a tiempo dicha asignación,neutral
Me siento muy afortunado de tenerte aquí justo a mi lado,positivo
Odio a aquellos profesores que creen sabérselas todas y son muy malos dando clases,negativo
El día de hoy se puede ir a hacer compras en el supermercado sin hacer mucha cola,neutral
"Todo esto cambiara muy pronto, para bien. ",positivo
De seguro les fue mal a todos. ,negativo
Ayer me he comprado una empanada. ,neutral
Recuerda dar el máximo cada día de tu vida.,positivo
"Quizás no fue lo mejor, pero gracias por tanto.",negativo
Concéntrate y haz lo mejor que puedas.,neutral
Mi profesora es genial y es una excelente educadora ,positivo
"No puedo hacerlo, no confío en mi mismo",negativo
Las clases de piano comienza el lunes a las diez de la mañana,neutral
El autobús vendrá pronto y podremos irnos,positivo
Es culpa mía que no haya pasado el examen. Todo por no escuchar,negativo
El televisor está haciendo  un sonido extraño desde medio día.,neutral
"La película estuvo increíble, fue emocionante verla en el cine",positivo
El día es muy corto y no me alcanza para hacer todos mis deberes ,negativo
La luna particularmente hoy luce más blanca,neutral
Me encantó el regalo que me obsequiaste para mi cumpleaños,positivo
Odio cuando la gente me hace esperar,negativo
La materia no se crea ni se destruyen solo se transforma,neutral
nos recompensan por tener la respuesta,positivo
"somo nuestros actos, somos nuestras consecuencias",negativo
"Nada es Verdad, todo esta permitido",neutral
"Cada día esta lleno de nuevas oportunidades, así que aprovechalas",positivo
Me molesta la forma en como tu respondes mis preguntas ,negativo
La montaña es de color verde claro como mis ojos,neutral
"Si está en tu mente, puedes convertirlo en real",positivo
" El que teme sufrir, sufre de temor",negativo
hay momentos en que puedo ver caer a la lluvia,neutral
"Cada día que pasa estoy más cerca de cumplir mis metas, de cumplir mis sueños",positivo
Ya no soporto tener que escuchar todos tus insultos y humillaciones que me haces cada vez que te veo,negativo
Un pajarito un día volaba en cielo azul buscando comida ,neutral
Nunca es demasiado tarde para hacer lo que ames.,positivo
Nunca pensé que en la felicidad hubiera tanta tristeza.,negativo
Sigue tus sueños ellos saben el camino.,neutral
Sigamos dando lo mejor cada dia y que nada nos detenga,positivo
que mierda no sirves pero ni para recojer la escoria,negativo
que bien me alegro por todos espero que sea asi de igual siempre,neutral
"La intención no es ser feliz, es sentirse afortunado con lo que la vida te ofrece",positivo
"La mentira no sólo ofende al que la escucha, sino también al que la genera",negativo
"En el futuro, muchas de las cosas que hoy sólo se imaginan podrán hacerse realidad",neutral
Tu eres lo más grande y extraño que me ha sucedido,positivo
Alguien puede explicar por qué existe tanta decidía en este país ,negativo
Solo de ti depende el camino que tomes A lo largo de tu vida,neutral
El amor todo lo puede ,positivo
Me molestó con facilidad ,negativo
Hoy quiero hacer algo nuevo para mi vida ,neutral
Que feliz me siento por verte cumplir tus metas ,positivo
Siento que no lo puedo lograr,negativo
La situación en mi pais es controversial ,neutral
"Tu grandeza e inteligencia te harán llegar muy lejos amor
",positivo
Te odio y te desprecio y te pido no vuelvas,negativo
No soy quien para criticarte en lo que tu haces,neutral
Yo amo profundamente a mis hijos porque son lo más maravilloso del mundo,positivo
"Los hospitales de Venezuela están caóticos, no tienen insumos para curar los enfermos",negativo
"El auto que quiero es muy bueno, pero a mi no me gusta la trompa.",neutral
